agency_id,route_short_name,route_long_name,route_desc,route_type,route_url,route_color
RER,A,"Marne la Vallée Chessy, Boissy St-Léger / St-Germain en Laye, Poissy, Cergy",,2,,D1302F
RTP,4,(2020) Porte de Clignancourt - Bagneux,En service à partir de 2020,1,,BB4D98
RTP,1,Château de Vincennes - La Défense,,1,,F2C931
RER,B,"Aéroport CDG, Mitry Claye, Aulnay sous Bois, Robinson, Massy Palaiseau, St-Rémy lès Chevreuse",,2,,427DBD
RTP,10,Boulogne Pont de Saint-Cloud - Gare d'Austerlitz,,1,,DFB039
TER,Bus,Bus de Remplacement,,2,,18964C
RTP,101,Joinville-le-Pont - Champigny Camping International,,3,,ffcd01
RTP,102,Gambetta - Rosny-Bois Perrier,,3,,ffcd01
RER,C,"Pontoise, Versailles Château,Chantiers, St-Quentin, Paris Austerlitz, Dourdan, Massy(Orly),St-Marti",,2,,FCD946
RTP,103,Ecole Vétérinaire de Maisons-Alfort - Rungis Marché International,,3,,f68f4b
RTP,104,Ecole Vétérinaire de Maisons-Alfort - Bonneuil Place des Libertés,,3,,ed1b2a
RER,C (Bus),"Pontoise, Versailles Château,Chantiers, St-Quentin, Paris Austerlitz, Dourdan, Massy(Orly),St-Marti",,3,,FCD946
RER,D,"Orry,Villiers, Paris Nord, Paris Gare de Lyon, Combs, Melun, Evry, Ris Orangis, Corbeil,Malesherbes",,2,,5E9620
RTP,105,Porte des Lilas - Mairie des Pavillons-sous-Bois,,3,,f68f4b
RTP,106,Joinville-le-Pont - Villiers-sur-Marne-Le-Plessis-Trévise,,3,,ed1b2a
RER,D (Bus),"Orry,Villiers, Paris Nord, Paris Gare de Lyon, Combs, Melun, Evry, Ris Orangis, Corbeil,Malesherbes",,3,,5E9620
RER,E,"Haussmann Saint-Lazare, Chelles Gournay, Tournan",,2,,BD76A1
RTP,107,Ecole Vétérinaire de Maisons-Alfort - St-Maur-Créteil - St-Maur La Pie,,3,,f59eb3
RTP,108,Joinville-le-Pont - Champigny Jeanne Vacher,,3,,f59eb3
RTP,109,Terroirs de France - Charenton Pont Nelson Mandela,,3,,cec92a
TN,H,"Paris Nord, Ermont Eaubonne, Pontoise, Valmondois, Persan Beaumont, Montsoult, Luzarches, Creil",,2,,7B4339
RTP,11,Mairie des Lilas - Châtelet,,1,,8E6538
RTP,110,Joinville-le-Pont - Villiers-sur-Marne-Le-Plessis-Trévise,,3,,652c90
TN,H (Bus),"Paris Nord, Ermont Eaubonne, Pontoise, Valmondois, Persan Beaumont, Montsoult, Luzarches, Creil",,3,,7B4339
TN,J,"Paris St-Lazare, Ermont Eaubonne, Mantes la Jolie(Conflans), Mantes la Jolie(Poissy), Gisors, Verno",,2,,CDCD00
RTP,111,Terroirs de France - St-Maur Corneilles - La Varenne-Chennevières - Champigny,,3,,c9a2cd
TN,K,"Paris Nord, Crépy en Valois.",,2,,C7B300
RTP,112,Château de Vincennes - La Varenne-Chennevières,,3,,f68f4b
RTP,113,Nogent-sur-Marne - Mairie de Chelles - Chelles 2 Centre Commercial,,3,,ed1b2a
TN,K (Bus),"Paris Nord, Crépy en Valois.",,3,,C7B300
TN,L,"Paris St-Lazare, Cergy, St-Germain en Laye Gd Ceint, St-Nom la Bretèche, St-Cloud, Versailles Droit",,2,,7584BC
RTP,114,Château de Vincennes - Le Raincy-Villemomble-Montfermeil - Villemomble Les Coquetiers,,3,,77c695
TN,N,"Paris Montparnasse, Plaisir Grignon, Dreux, Mantes, Rambouillet, Sèvres Gauche, Versailles Chantier",,2,,00A092
RTP,115,Porte des Lilas - Mairie de Montreuil - Château de Vincennes,,3,,008b5a
TN,P,"Paris Est, Meaux, La Ferté Milon, Château Thierry, Crécy La Chapelle, Coulommiers, Provins.",,2,,F0B600
RTP,116,Rosny-Bois Perrier - Eglise de Rosny-sous-Bois - Champigny,,3,,87d3df
RTP,117,Créteil Préfecture du Val-de-Marne - Champigny,,3,,008b5a
TN,P (Bus),"Paris Est, Meaux, La Ferté Milon, Château Thierry, Crécy La Chapelle, Coulommiers, Provins.",,3,,F0B600
TN,R,"Paris Gare de Lyon, Montereau (Héricy), Montereau (Moret), Laroche-Migennes, Montargis.",,2,,E4B4D1
RTP,118,Château de Vincennes - Eglise de Rosny-sous-Bois,,3,,e0b03b
TN,T4,"Aulnay sous Bois, Bondy.",,0,,F29563
RTP,119,Massy-Palaiseau - Les Baconnets,,3,,ffcd01
RTP,12,Mairie d'Issy - Front Populaire,,1,,328E5B
TN,U,"La Défense, La Verrière.",,2,,D60058
RTP,120,Nogent-sur-Marne - Bry-sur-Marne Hôpital St-Camille - Noisy-le-Grand Mont d'Est - Mairie de Noisy-l,,3,,c9a2cd
RTP,121,Mairie de Montreuil - Château de Villemomble - Villemomble Lycée Clémenceau,,3,,ed1b2a
RTP,122,Galliéni - Val de Fontenay,,3,,c9a2cd
RTP,123,Porte d'Auteuil - Mairie d'Issy,,3,,008b5a
RTP,124,Château de Vincennes - Val de Fontenay,,3,,f59fb3
RTP,125,Porte d'Orléans - Ecole Vétérinaire de Maisons-Alfort,,3,,006cb8
RTP,126,Porte d'Orléans - Parc de St-Cloud,,3,,87d3df
RTP,127,Croix de Chavaux - Neuilly-sur-Marne Île-de-France,,3,,f68f4b
RTP,128,Porte d'Orléans - Bagneux Dampierre - Robinson,,3,,8d653a
RTP,129,Porte des Lilas - Mairie de Montreuil,,3,,9b993b
RTP,13,Châtillon Montrouge - Saint-Denis-Université,,1,,89C7D6
RTP,131,Porte d'Italie - L'Haÿ-les-Roses Les Dahlias - Rungis-La Fraternelle,,3,,8d653a
RTP,132,Bibliothèque François Mitterrand - Vitry-sur-Seine Cité du Moulin Vert,,3,,652c90
RTP,133,Sarcelles Bois d'Ecouen - Gare de Sarcelles-St-Brice - Le Bourget,,3,,77c695
RTP,134,Fort d'Aubervilliers - Bondy Jouhaux-Blum,,3,,f59fb3
RTP,137,Porte de Clignancourt - Villeneuve-la-Garenne Z.I. Nord,,3,,f68f4b
RTP,138,Porte de Clichy - Ermont-Eaubonne,,3,,bb4b9c
RTP,139,Porte de la Villette - La Plaine Stade de France - Carrefour Pleyel - St-Ouen,,3,,f68f4b
RTP,14,Saint-Lazare - Olympiade,,1,,67328E
RTP,140,Gabriel Péri - Gare d'Argenteuil,,3,,ed1b2a
RTP,141,La Défense Grande Arche - Lycée de Rueil-Malmaison,,3,,e0b03b
RTP,143,La Courneuve-Aubervilliers - Drancy Lycée Delacroix - Rosny-sous-Bois,,3,,006cb8
RTP,144,La Défense Grande Arche - Rueil-Malmaison,,3,,c9a2cd
RTP,145,Eglise de Pantin - Cimetière de Villemomble,,3,,bb4b9c
RTP,146,Le Bourget - Montfermeil Les Bosquets,,3,,c9a2cd
RTP,147,Eglise de Pantin - Sevran Avenue Ronsard,,3,,ed1b2a
RTP,148,Bobigny Pablo Picasso - Le Blanc-Mesnil Musée de l'Air / Aulnay-sous-Bois Garonor,,3,,8d653a
RTP,150,Porte de la Villette - Pierrefitte-Stains,,3,,f59eb3
RTP,151,Porte de Pantin - Bondy Jouhaux-Blum,,3,,bb4b9c
RTP,152,Porte de la Villette - Le Blanc-Mesnil ZA du Pont Yblon - Gonesse ZAC des Tulipes,,3,,ed1b2a
RTP,153,Porte de la Chapelle - Stains Moulin Neuf,,3,,008b5a
RTP,156,St-Denis - Gare d'Epinay-Villetaneuse,,3,,ffcd02
RTP,157,Pont de Neuilly - Nanterre-Ville - Nanterre Boulevard de Seine,,3,,bb499c
RTP,158,Pont de Neuilly - Rueil-Malmaison,,3,,f68f4b
RTP,159,La Défense Grande Arche - Nanterre Cité du Vieux Pont,,3,,652c90
RTP,160,Nanterre-Préfecture - Pont de Sèvres,,3,,008b5a
RTP,162,Meudon Val Fleury - Villejuif Louis Aragon,,3,,006cb8
RTP,163,Porte de Champerret - Bezons Grand Cerf,,3,,dfb03a
RTP,164,Porte de Champerret - Argenteuil Collège Claude Monet,,3,,bb499c
RTP,165,Porte de Champerret - Asnières Robert Lavergne,,3,,f68f4b
RTP,166,Porte de Clignancourt - Colombes Audra,,3,,652c90
RTP,167,Pont de Levallois - Nanterre-Ville,,3,,77c695
RTP,169,Pont de Sèvres - Hôpital Européen Georges Pompidou,,3,,77c695
RTP,170,Porte des Lilas - St-Denis,,3,,87d3df
RTP,171,Pont de Sèvres - Gare de Chaville R.D. / Gare de Chaville R.G. / Château de Versailles,,3,,ed1b2a
RTP,172,Bourg-la-Reine - Créteil l'Echat Parking,,3,,008b5a
RTP,173,Porte de Clichy - La Courneuve 8 Mai 1945,,3,,006cb8
RTP,174,La Défense Grande Arche - St-Ouen,,3,,008b5a
RTP,175,Porte de St-Cloud - Gabriel Péri,,3,,006cb8
RTP,176,Pont de Neuilly - Colombes Petit Gennevilliers,,3,,e0b03b
RTP,177,Gabriel Péri - Villeneuve-la-Garenne ZI Nord,,3,,77c695
RTP,178,La Défense Grande Arche - Villeneuve-la-Garenne Place Paul Herbé,,3,,006cb8
RTP,179,Pont de Sèvres - Robinson,,3,,008b5a
RTP,180,Villejuif Louis Aragon - Charenton Ecoles,,3,,9c983a
RTP,181,Ecole Vétérinaire de Maisons-Alfort - Créteil La Gaîté,,3,,8d653a
RTP,182,Mairie d'Ivry - Choisy-le-Roi Pont de Choisy - Villeneuve-Triage,,3,,bb4b9c
RTP,183,Porte de Choisy - Mairie d'Orly - Aéroport d'Orly-Sud,,3,,ed1b2a
RTP,184,Porte d'Italie - Fresnes Pasteur,,3,,dfb03a
RTP,185,Porte d'Italie - Rungis Marché International - Rungis MIN Marée,,3,,f18b3a
RTP,186,Porte d'Italie - Fresnes Rond-point Roosevelt,,3,,b43c95
RTP,187,Porte d'Orléans - Fresnes Charcot-Zola,,3,,652c90
RTP,188,Porte d'Orléans - Bagneux Rosenberg,,3,,c9a2cd
RTP,189,Porte de St-Cloud - Clamart Georges Pompidou,,3,,f68f4b
RTP,190,Mairie d'Issy - Clamart Cité de la Plaine - Rond-point du Petit Clamart - Vélizy 2,,3,,8d653a
RTP,191,Porte de Vanves - Malakoff Rue Etienne Dolet - Clamart Place du Garde,,3,,f59fb3
RTP,192,Robinson - Rungis Marché International,,3,,77c695
RTP,194,Porte d'Orléans - Châtenay-Malabry Lycée Polyvalent,,3,,f68f4b
RTP,195,Châtillon-Montrouge - Clamart-Fontenay Division Leclerc - Robinson,,3,,bb4b9c
RTP,196,Antony - Massy-Palaiseau,,3,,e0b03b
RTP,197,Porte d'Orléans - Massy Opéra-Théâtre,,3,,ed1b2a
RTP,199,Massy-Palaiseau - Saulx-les-Chartreux Collège Pablo Picasso / Longjumeau La Rocade-Lycée,,3,,cec92a
RTP,2,Nation - Porte Dauphine,,1,,216EB4
RTP,20,Gare St-Lazare - Gare de Lyon,,3,,f68f4b
RTP,201,Joinville-le-Pont - Champigny Diderot-La Plage,,3,,8d653a
RTP,203,Neuilly-Plaisance - Neuilly-sur-Marne Cité des Bouleaux,,3,,f59fb3
RTP,206,Noisy-le-Grand Mont d'Est - Le Plessis-Trévise Place Gambetta - Emerainville-Pontault-Combault,,3,,8d653a
RTP,207,Noisy-le-Grand Mont d'Est - Hôpital de la Queue-en-Brie,,3,,dfb03a
RTP,208,(PLACE DE LA RESISTANCE <-> CHAMPIGNY - SAINT-MAUR RER) - Aller,,3,,FFFFFF
RTP,21,Gare St-Lazare - Stade Charléty,,3,,77c695
RTP,210,Château de Vincennes - Villiers-sur-Marne-Le-Plessis-Trévise,,3,,ffcd01
RTP,211,Torcy - Chelles 2 Centre Commercial,,3,,f59fb3
RTP,212,Champs-sur-Marne Pointe de Champs - Noisy-Champs Descartes - Emerainville-Pontault-Combault,,3,,87d3df
RTP,213,Chelles-Gournay - Noisy-Champs Descartes - Lognes Le Village,,3,,9b993b
RTP,214,Neuilly-Plaisance - Neuilly-sur-Marne Z.I. des Chanoux / Gagny Roger Salengro,,3,,c9a2cd
RTP,215,Porte de Montreuil - Vincennes République,,3,,77c695
RTP,216,Denfert-Rochereau - Rungis Marché International,,3,,ed1b2a
RTP,217,Mairie d'Alfortville - Hôtel de Ville de Créteil,,3,,652c90
RTP,22,Opéra - Porte de St-Cloud,,3,,008b5a
RTP,220,Bry-sur-Marne - Torcy,,3,,bb499c
RTP,221,Galliéni - Gagny Pointe de Gournay,,3,,f59fb3
RTP,234,Fort d'Aubervilliers - Mairie de Livry-Gargan,,3,,f68f4b
RTP,235,Gabriel Péri - Colombes Europe,,3,,ffcd02
RTP,237,Mairie de St-Ouen - L'Île-St-Denis Parc Départemental Collège Sisley,,3,,c9a2cd
RTP,238,Pont de Levallois - Asnières Mourinoux / St-Gratien,,3,,f59eb3
RTP,239,Porte de la Chapelle - Basilique de St-Denis Médiathèque,,3,,bb4b9c
RTP,24,Gare St-Lazare - Maubert-Mutualité - Gare d'Austerlitz - Ecole Vétérinaire de Maisons-Alfort,,3,,bb4b9c
RTP,241,Porte d'Auteuil - Suresnes Place de la Paix - Rueil-Malmaison,,3,,8d653a
RTP,244,Porte Maillot - Rueil-Malmaison,,3,,bb4b9c
RTP,247,(GARONOR <-> STADE CHARLES SAGE) - Aller,,3,,f68f4b
RTP,248,Fort d'Aubervilliers - Drancy RER,,3,,c9a2cd
RTP,249,Porte des Lilas • Porte de la Villette - Dugny Centre-ville,,3,,cec92a
RTP,250,Fort d'Aubervilliers - Gonesse La Fontaine Cypière Z.I.,,3,,b43c95
RTP,251,Bobigny Benoît Frachon - Bobigny Pablo Picasso - Aulnay-sous-Bois,,3,,ed1b2a
RTP,252,Porte de la Chapelle - Garges-Sarcelles,,3,,ed1b2a
RTP,253,Stade de France St-Denis - Mairie de Stains,,3,,ffcd02
RTP,254,St-Denis Porte de Paris - Pierrefitte-Stains - Mairie de Montmagny,,3,,FFFFFF
RTP,255,Porte de Clignancourt - Stains Les Prévoyants - Garges Rond-point de la Lutèce,,3,,9c983a
RTP,256,La Courneuve-Aubervilliers - Gare d'Enghien-les-Bains - Lycée d'Enghien,,3,,8d653a
RTP,258,La Défense Grande Arche - St-Germain-en-Laye,,3,,ed1b2a
RTP,26,Gare St-Lazare - Nation Place des Antilles,,3,,f68f4b
RTP,261,Mairie de Villeneuve-la-Garenne - Eglise de Franconville,,3,,ed1b2a
RTP,262,La Défense Grande Arche - Maisons-Laffitte,,3,,bb499c
RTP,268,St-Denis Porte de Paris - St-Denis Université - Villiers-le-Bel-Gonesse,,3,,dfb03a
RTP,269,Garges-Sarcelles - Hôtel de Ville d'Attainville,,3,,f68f4b
RTP,27,Gare St-Lazare - Porte d'Ivry Claude Regaud,,3,,f68f4b
RTP,270,Garges-Sarcelles - Villiers-le-Bel-Gonesse,,3,,f59eb3
RTP,272,La Défense Grande Arche - Sartrouville De Gaulle - Sartrouville,,3,,f68f4b
RTP,274,Levallois Voltaire-Villiers - St-Denis Place Jean Poulmarch,,3,,ed1b2a
RTP,275,La Défense Grande Arche - Hérold Mairie de Courbevoie - Pont de Levallois,,3,,ffcd02
RTP,276,La Défense Grande Arche - Gabriel Péri,,3,,ed1b2a
RTP,278,La Défense Grande Arche - Courbevoie Europe,,3,,c9a2cd
RTP,28,Gare St-Lazare - Porte d'Orléans,,3,,f59eb3
RTP,281,Joinville-le-Pont - Créteil Europarc,,3,,dfb03a
RTP,285,Villejuif Louis Aragon - Juvisy,,3,,bb4b9c
RTP,286,Villejuif Louis Aragon - Antony,,3,,c9a2cd
RTP,289,Porte de St-Cloud - Clamart Cité de la Plaine,,3,,bb4b9c
RTP,29,Gare St-Lazare - Porte de Montempoivre,,3,,87d3df
RTP,290,Issy-Val de Seine - Meudon-la-Forêt Europe Nord - Meudon-la-Forêt Pasteur,,3,,c9a2cd
RTP,291,Pont de Sèvres - Vélizy Europe Sud,,3,,9c983a
RTP,292,Rungis Marché International - Savigny-sur-Orge Z.A.C. Les Gâtines,,3,,f59eb3
RTP,294,Châtillon-Montrouge - Igny,,3,,c9a2cd
RTP,297,Porte d'Orléans - Antony - Longjumeau Place Charles Stéber,,3,,bb499c
RTP,299,Porte d'Orléans - Mairie de Morangis,,3,,f68f4b
RTP,3,Gallieni - Pont de Levallois-Bécon,,1,,9A9940
RTP,30,Gare de l'Est - Trocadéro,,3,,652c90
RTP,301,Bobigny Pablo Picasso - Val de Fontenay,,3,,cec92b
RTP,302,Gare du Nord - La Courneuve 6 Routes,,3,,ffcd02
RTP,303,Bobigny Pablo Picasso - Noisy-le-Grand Mont d'Est,,3,,9b993b
RTP,304,Les Courtilles - Nanterre Place de la Boule,,3,,cec92a
RTP,306,St-Maur-Créteil - Noisy-le-Grand Mont d'Est,,3,,006cb8
RTP,308,Créteil Préfecture du Val de Marne - Villiers-sur-Marne-Le-Plessis-Trévise,,3,,77c695
RTP,31,Gare de l'Est - Charles de Gaulle-Etoile,,3,,ffcd02
RTP,310,Noisy Champs RER - Les Yvris Noisy-le-Grand RER,,3,,cec92a
RTP,312,Chelles-Gournay - Noisy-Champs Descartes,,3,,f68f4b
RTP,317,Hôtel de Ville de Créteil - Le Parc de St-Maur - Nogent-Le Perreux,,3,,cec92a
RTP,318,Château de Vincennes - Bobigny-Pantin Raymond Queneau,,3,,006cb8
RTP,319,Massy-Palaiseau - Massy Opéra-Théâtre - Rungis Marché International,,3,,008b5a
RTP,32,Gare de l'Est - Porte d'Auteuil,,3,,9c983a
RTP,320,Noisy-le-Grand Mont d'Est - Noisy-le-Grand Mont d'Est (circulaire),,3,,ffcd02
RTP,321,Lognes - Aérodrome de Lognes - Croissy-Beaubourg Z.I. Pariest,,3,,ffcd02
RTP,322,Bobigny Pablo Picasso - Mairie de Montreuil,,3,,87d3df
RTP,323,Issy-Val de Seine - Ivry-sur-Seine,,3,,cec92b
RTP,325,Bibliothèque François Mitterrand - Château de Vincennes,,3,,87d3df
RTP,330,Fort d'Aubervilliers - Pantin Raymond Queneau Anatole France,,3,,ffcd02
RTP,333,Garges-Sarcelles - Garges L'Argentière,,3,,006CB8
RTP,334,Les Pavillons-sous-Bois Rd Pt Robert Schuman - Pont de Bondy (circulaire),,3,,ffcd02
RTP,337,Deuil-la-Barre Zone artisanale du Moutier - Pierrefitte Stains RER,,3,,652c90
RTP,340,Gennevilliers Les Louvresses - Gabriel Péri - Clichy Hôpital Beaujon - Clichy Berges de Seine,,3,,e0b03b
RTP,341,Mairie de Clichy Landy-Martre - Porte de Clignancourt,,3,,ffcd02
RTP,346,Rosny 2 Nord - Le Blanc-Mesnil Place de la Libération,,3,,cec92b
RTP,347,Pont de Bondy - Avenue de Rosny - Hôtel de Ville de Montfermeil - Hôpital de Montfermeil,,3,,bb4b9c
RTP,349,Parc des Expositions - Aéroport CDG Roissypole - Route de l'Arpenteur ADP,,3,,77c695
RTP,35,Gare de l'Est - Mairie d'Aubervilliers,,3,,77c695
RTP,350,Gare de l'Est - Aéroport CDG Roissypole,,3,,652c90
RTP,351,Nation - Aéroport CDG Roissypole,,3,,e0b03b
RTP,355,Sarcelles Bois d'Ecouen - Gare de Sarcelles-St-Brice - Sarcelles Sous-préfecture,,3,,652c90
RTP,356,St-Denis Université - Deuil-la-Barre Marché des Mortefontaines,,3,,f68f4b
RTP,360,La Défense Grande Arche - Hôpital de Garches,,3,,cec92b
RTP,361,St-Denis - St-Denis Université - Gare d'Argenteuil,,3,,006cb8
RTP,366,Colombes Île Marante - Colombes Fossés Jean (circulaire) [Colomb'bus],,3,,006cb8
RTP,367,Gare de Colombes - Rueil-Malmaison,,3,,ffcd02
RTP,368,Garges-Sarcelles - Garges-Sarcelles (circulaire),,3,,cec92a
RTP,370,Villiers-le-Bel-Gonesse - Marché de St-Brice,,3,,87d3df
RTP,372,Maisons-Alfort-Alfortville - Maisons-Alfort Louis Fliche,,3,,ffcd02
RTP,378,La Défense Grande Arche - Mairie de Villeneuve-la-Garenne,,3,,008b5a
RTP,379,Vélizy 2 - La Croix de Berny,,3,,ffcd01
RTP,38,Gare du Nord - Porte d'Orléans,,3,,006cb8
RTP,380,(VACHE NOIRE - CENTRE COMMERCIAL <-> VILLEJUIF - LOUIS ARAGON) - Aller,,3,,FFFFFF
RTP,385,Juvisy - Savigny-sur-Orge Toulouse-Lautrec - Epinay-sur-Orge,,3,,dfb03a
RTP,388,Châtillon-Montrouge - Bourg-la-Reine,,3,,ffcd01
RTP,389,Pont de Sèvres - Meudon-la-Forêt Centre Administratif,,3,,006cb8
RTP,39,Gare du Nord - Issy Frères Voisin,,3,,bb4b9c
RTP,390,Bourg-la-Reine - Hôtel de Ville de Vélizy-Villacoublay,,3,,87d3df
RTP,391,Châtillon-Montrouge - Bagneux Pont Royal,,3,,cec92b
RTP,393,Villejuif Louis Aragon - Sucy-Bonneuil,,3,,FFFFFF
RTP,394,Issy Val de Seine - Bourg-la-Reine,,3,,652c90
RTP,395,Antony - Clamart Georges Pompidou,,3,,006cb8
RTP,396,La Croix de Berny - Thiais Belle Epine Sud,,3,,cec92a
RTP,399,Massy-Palaiseau - Juvisy,,3,,87d3df
RTP,3B,Porte des Lilas - Gambetta,,1,,89C7D6
RTP,4,Porte de Clignancourt - Mairie de Montrouge,,1,,BB4D98
RTP,42,Gare du Nord - Hôpital Européen Georges Pompidou,,3,,006cb8
RTP,421,Gare de Vaires-Torcy - Emerainville-Pontault-Combault,,3,,008b5a
RTP,426,(PONT DE SEVRES <-> LA CELLE ST-CLOUD - GARE SNCF) - Aller,,3,,8d653a
RTP,43,Gare du Nord - Neuilly Bagatelle,,3,,ed1b2a
RTP,459,Gare de St-Cloud - Rueil Henri Régnault,,3,,ed1b2a
RTP,46,Gare du Nord - Château de Vincennes,,3,,cec92a
RTP,467,Pont de Sèvres - Rueil-Malmaison,,3,,9b983a
RTP,47,Gare de l'Est - Le Kremlin-Bicêtre Fort de Bicêtre,,3,,f59eb3
RTP,471,Les Coteaux - Gare de Versailles Rive Droite,,3,,006cb8
RTP,48,Palais-Royal - Porte des Lilas,,3,,006cb8
RTP,485,Juvisy - Athis-Mons Centre Commercial,,3,,f68f4b
RTP,486,Juvisy - Paray-Vieille-Poste Mairie - Athis-Mons Centre Commercial Rigolet,,3,,008b5a
RTP,487,Juvisy - Athis-Mons Place Henri Deudon - Athis-Mons Centre Commercial / Athis-Mons Les Oiseaux,,3,,ffcd02
RTP,488,(PLACE HENRI DEUDON <-> JUVISY RER) - Aller,,3,,006cb8
RTP,492,Savigny-sur-Orge - Chilly-Mazarin Place de la Libération,,3,,ffcd02
RTP,5,Bobigny-Pablo-Picasso - Place d'Italie,,1,,DE8B53
RTP,501,Traverse Charonne - Gambetta via Lagny-Maraîchers (circulaire),,3,,006CB8
RTP,512,Front Populaire Gardinoux - Mairie d'Aubervilliers,,3,,ffcd02
RTP,513,Traverse Bièvre Montsouris - Place de l'Abbé Georges Hénocque via Alésia Général Leclerc (circulair,,3,,BB499C
RTP,518,Traverse Batignolles-Bichat - Hôpital Bichat via Pont Cardinet (circulaire),,3,,652C90
RTP,519,Traverse Ney-Flandre - Porte d'Aubervilliers Oberlé via Place de la Chapelle (circulaire),,3,,C9A2CD
RTP,52,Opéra - Charles de Gaulle-Etoile - Porte d'Auteuil - Parc de St-Cloud,,3,,87d3df
RTP,520,Bry-sur-Marne - Les Hauts de Bry (SFP),,3,,008b5a
RTP,524,La Navette / Le Bus Fontenaysien - Fontenay-sous-Bois Les Parapluies - Fontenay-sous-Bois Les Aloue,,3,,652c90
RTP,526,MontBus Chatillon (Circulaire),,3,,006cb8
RTP,53,Opéra - Pont de Levallois,,3,,cec92a
RTP,537,L'Audonienne - Saint-Ouen-Payret - Saint-Ouen-Debain (Service urbain de Saint-Ouen),,3,,f59eb3
RTP,538,(DIRECTION DU PORT) - Retour,,3,,9b983a
RTP,54,Porte d'Aubervilliers - Gabriel Péri,,3,,8ec3d1
RTP,542,V1 - Mairie de l'Haÿ-les-Roses - Le Kremlin-Bicêtre Leclerc-Thomas,,3,,efefef
RTP,544,Autobus Suresnois - Général de Gaulle via Gare de Suresnes-Mont Valérien / via Place de la Républiq,,3,,006cb8
RTP,545,Noisy-le-Sec - Bagnolet Louise Michel,,3,,ffcd01
RTP,546,TUB Bondy - La mare à la Veuve (circulaire) (Transport Urbain Bondynois),,3,,8d653a
RTP,559,Ligne Bleue - Chemin de L'Île - Cimetière du Mont Valérien (réseau urbain de Nanterre),,3,,87d3df
RTP,56,Porte de Clignancourt - Château de Vincennes,,3,,bb4b9c
RTP,560,Ligne Rouge - Place de la Boule-Gambetta - Droits de l'Homme (réseau urbain de Nanterre),,3,,ed1b2a
RTP,562,V4 - Arcueil Hôtel de Ville-Centre - Arcueil Hôtel de Ville-Centre (circulaire),,3,,FFFFFF
RTP,563,Suresnes De Gaulle - Suresnes De Gaulle (circulaire) [circuit du Plateau du Mont Valérien],,3,,ed1b2a
RTP,564,Rueil-Malmaison Collège La Malmaison - Rueil-Malmaison Les Pince-Vins [circuit de la Jonchère],,3,,006cb8
RTP,565,Rueil-Malmaison Mairie - Rueil-Malmaison Eglise de Buzenval,,3,,008b5a
RTP,566,Colombes Rue de l'Industrie - Colombes Rue de l'Industrie (circulaire),,3,,f68f4b
RTP,57,Porte de Bagnolet Louis Ganne - Laplace,,3,,9c983a
RTP,571,SUBB - Hotel de Ville de Boulogne-Billancourt - Pont de Boulogne-Billancourt (circulaire) (Service,,3,,8d653a
RTP,572,MONAST (SEVRES-VILLE D'AVRAY - GARE SNCF RD <-> MONASTERE) - Aller,,3,,c9a2cd
RTP,574,TUC - Rue Martre-Mairie de Clichy(circulaire) (Transport Urbain de Clichy),,3,,ffd710
RTP,576,La Navette - Hôtel de Ville de Neuilly — Hôtel de Ville de Neuilly (circulaire) (service urbain de,,3,,008b5a
RTP,577,Gabriel Péri - River Plaza - Les Grésillons,,3,,f68f4b
RTP,579,Clamibus - Maison de Quartier André Charré - Gare de Clamart (Service urbain de Clamart),,3,,ffcd01
RTP,58,Châtelet - Vanves Lycée Michelet,,3,,008b5a
RTP,581,V3 - Cachan Centre ville - Cachan Centre ville (circulaire),,3,,FFFFFF
RTP,583,V2 - Fresnes Pasteur - L'Haÿ-les-Roses Centre commercial - Chevilly-Larue Rue Paul Hochart,,3,,FFFFFF
RTP,584,V5 - Gentilly Gabriel Péri Soleil Levant - Gentilly Gabriel Péri Soleil Levant (circulaire),,3,,FFFFFF
RTP,585,V7 - Villejuif Louis Aragon - Villejuif Louis Aragon (circulaire) [Passepartout],,3,,FFFFFF
RTP,587,NAVETTE (FERME DE GRIGNON <-> LA GALAISE) - Aller,,3,,FFFFFF
RTP,593,V6 - Le Kremlin-Bicêtre Leclerc-Thomas - Le Kremlin-Bicêtre Leclerc-Thomas (circulaire),,3,,FFFFFF
RTP,594,Le petit fontenaisien - Division Leclerc via Gare RER et Les Blagis (Circulaire)(Service urbain de,,3,,006cb8
RTP,595,Robinson - Le Plessis-Robinson La Boursidière,,3,,006cb8
RTP,597,L'Hirondelle - Hôtel de Ville - Cimetière intercommunal de Clamart  / Gare de Vanves - Malakoff (Na,,3,,77c695
RTP,6,Nation - Charles de Gaulle-Etoile,,1,,79BB92
RTP,60,Gambetta - Porte de Montmartre,,3,,ed1b2a
RTP,61,Gare d'Austerlitz - Eglise de Pantin,,3,,008b5a
RTP,62,Bibliothèque François Mitterrand - Porte de St-Cloud,,3,,8d653a
RTP,63,Gare de Lyon - Porte de la Muette,,3,,cec92a
RTP,64,Gambetta - Place d'Italie,,3,,77c695
RTP,65,Gare de Lyon - Mairie d'Aubervilliers,,3,,008b5a
RTP,66,Opéra - Clichy Victor Hugo,,3,,008b5a
RTP,67,Pigalle - Châtelet-Hôtel de Ville - Stade Charléty,,3,,ea7c9a
RTP,68,Place de Clichy - Châtillon-Montrouge,,3,,ffcd01
RTP,69,Gambetta - Champ de Mars,,3,,87d3df
RTP,7,La Courneuve-8-Mai-1945 - Villejuif-Aragon / Mairie d'Ivry,,1,,DF9AB1
RTP,70,Hôtel de Ville - Radio-France,,3,,f68f4b
RTP,72,Hôtel de Ville - Parc de St-Cloud,,3,,ed1b2a
RTP,73,Musée d'Orsay - La Garenne-Colombes Place de Belgique,,3,,8d653a
RTP,74,Hôtel de Ville - Porte de Clichy - Clichy Berges de Seine,,3,,cec92a
RTP,75,Pont Neuf - Porte de Pantin,,3,,ffcd02
RTP,76,Louvre-Rivoli - Bagnolet Louise Michel,,3,,652c90
RTP,7B,Pré-Saint-Gervais - Louis Blanc,,1,,79BB92
RTP,8,Balard - Créteil-Pointe du Lac,,1,,C5A3CA
RTP,80,Mairie du XVIIIè - Porte de Versailles,,3,,f59eb3
RTP,81,Châtelet - Porte de St-Ouen,,3,,c9a2cd
RTP,82,Luxembourg - Neuilly Hôpital Américain,,3,,f68f4b
RTP,83,Friedland-Haussmann - Porte d'Ivry Claude Régaud,,3,,ffcd02
RTP,84,Panthéon - Porte de Champerret,,3,,c9a2cd
RTP,85,Luxembourg - Mairie du XVIIIè - Mairie de St-Ouen,,3,,8d653a
RTP,86,St-Germain-des-Prés - St-Mandé Demi-Lune,,3,,ed1b2a
RTP,87,Champ de Mars - Bastille - Porte de Reuilly,,3,,652c90
RTP,88,Montsouris-Tombe Issoire - Hôpital Européen Georges Pompidou,,3,,cec92a
RTP,89,Bibliothèque François Mitterrand - Gare de Vanves-Malakoff,,3,,87d3df
RTP,9,Pont de Sèvres - Mairie de Montreuil,,1,,CDC83F
RTP,91,Montparnasse 2 Gare TGV - Bastille,,3,,dfb03a
RTP,92,Gare Montparnasse - Porte de Champerret,,3,,ffcd02
RTP,93,Invalides - Suresnes de Gaulle,,3,,77c695
RTP,94,Gare Montparnasse - Gare St-Lazare - Levallois Louison Bobet,,3,,bb499c
RTP,95,Porte de Vanves - Porte de Montmartre,,3,,8d653a
RTP,96,Gare Montparnasse - Porte des Lilas,,3,,dfb03a
RTP,AMIBUS,(CHATILLON-MONTROUGE-METRO <-> MAIRIE DE CHATILLON) - Aller,,3,,FFFFFF
RTP,BALABUS,Gare de Lyon - La Défense,,3,,FFFFFF
RTP,CHOISYBUS,CHOISYB (SERV URBAIN DE CHOISY LE ROI <-> CIRCULAIRE) - Aller,,3,,FFFFFF
RTP,EOLIEN,541 (CONSERVATOIRE-PRESSENSE <-> CIMETIERE NOUVEAU) - Aller,,3,,FFFFFF
RTP,FUNICULAIR,Funiculaire de Montmartre,,7,,FFFFFF
RTP,MONTMARTRO,Mairie du 18e-Jules Joffrin - Pigalle,,3,,FFFFFF
Noctilien,N01,Gare de l'Est - Gare de l'Est (circulaire intérieure),,3,,bb499c
Noctilien,N02,Gare Montparnasse - Gare Montparnasse (circulaire extérieure),,3,,ed1b29
Noctilien,N11,Pont de Neuilly - Château de Vincennes,,3,,f68f4b
Noctilien,N12,Pont de Sèvres - Romainville Carnot,,3,,dfb03a
Noctilien,N122,Châtelet - Saint-Rémy-lès-Chevreuse RER,,3,,4d8fcd
Noctilien,N13,Mairie d'Issy - Bobigny Pablo Picasso,,3,,f59eb3
Noctilien,N14,Bourg-la-Reine - Mairie de St-Ouen,,3,,77c695
Noctilien,N15,Villejuif Louis Aragon - Gabriel Péri,,3,,ffcd02
Noctilien,N153,Gare Saint-Lazare - Gare de Saint-Germain-en-Laye,,3,,ed1b29
Noctilien,N16,Mairie de Montreuil - Pont de Levallois,,3,,cec92a
Noctilien,N21,Châtelet - Chilly-Mazarin Libération,,3,,77c695
Noctilien,N22,Châtelet - Rungis Marché International,,3,,ffcd02
Noctilien,N23,Châtelet - Chelles-Gournay,,3,,dfb03a
Noctilien,N24,Châtelet - Bezons Grand Cerf,,3,,f68f4b
Noctilien,N31,Gare de Lyon - Juvisy,,3,,f59cb3
Noctilien,N32,Gare de Lyon - Boissy-St-Léger,,3,,dfb03a
Noctilien,N33,Gare de Lyon - Villiers-sur-Marne-Le-Plessis-Trévise,,3,,f68f4b
Noctilien,N34,Gare de Lyon - Torcy,,3,,cec92a
Noctilien,N35,Gare de Lyon - Nogent-Le Perreux,,3,,ffcd02
Noctilien,N41,Gare de l'Est - Sevran-Livry,,3,,f59eb3
Noctilien,N42,Gare de l'Est - Aulnay-sous-Bois Garonor,,3,,dfb03a
Noctilien,N43,Gare de l'Est - Gare de Sarcelles-St-Brice,,3,,f68f4b
Noctilien,N44,Gare de l'Est - Pierrefitte-Stains,,3,,77c695
Noctilien,N45,Gare de l'Est - Hôpital de Montfermeil,,3,,ffcd02
Noctilien,N51,Gare St-Lazare - Gare d'Enghien-les-Bains,,3,,ffcd02
Noctilien,N52,Gare St-Lazare - Gare d'Argenteuil,,3,,cec92a
Noctilien,N53,Gare St-Lazare - Nanterre-Université,,3,,77c695
Noctilien,N61,Gare Montparnasse - Vélizy-Villacoublay Hôtel de Ville,,3,,dfb03a
Noctilien,N62,Gare Montparnasse - Robinson,,3,,f59eb3
Noctilien,N63,Gare Montparnasse - Massy-Palaiseau,,3,,cec92a
RTP,N66,(GARE MONTPARNASSE <-> ROBERT WAGNER) - Aller,,3,,FFFFFF
Noctilien,N71,Rungis Marché International - St-Maur-Créteil,,3,,be408d
RTP,ORLYBUS,Denfert-Rochereau - Aéroport d'Orly,,3,,FFFFFF
RTP,ORLYVAL,Antony - Aéroport d'Orly,,3,,FFFFFF
RTP,PC1,Porte de Champerret - Pont du Garigliano,,3,,FFFFFF
RTP,PC3,Porte Maillot - Porte de la Villette,,3,,FFFFFF
RTP,ROISSYBUS,Opéra - Aéroport CDG Roissypôle,,3,,FFFFFF
RTP,T1,Noisy-le-Sec - Asnieres-Gennevilliers Les Courtilles,,0,,216EB4
RTP,T2,Pont de Bezons - Porte de Versailles,,0,,BB4D98
RTP,T3a,Pont Garigliano Hôpital G. Pompidou - Porte de Vincennes,,0,,DE8B53
RTP,T3b,Porte de Vincennes - Porte de la Chapelle,,0,,008b5a
RTP,T5,Garges-Sarcelles - Marché de Saint-Denis,,0,,FFFFFF
RTP,T6,(CHATILLON - MONTROUGE <-> ROBERT WAGNER) - Aller,,0,,FFFFFF
RTP,T7,(PORTE DE L'ESSONNE <-> VILLEJUIF - LOUIS ARAGON) - Aller,,0,,FFFFFF
RTP,T8,(SAINT-DENIS - PORTE DE PARIS <-> VILLETANEUSE-UNIVERSITE) - Aller,,0,,FFFFFF
RTP,TILLBUS,Les Lilas Place du Vel' d'Hiv' — Les Lilas Place du Vel' d'Hiv' (circulaire) (service urbain des Li,,3,,FFFFFF
RTP,TIM,Meudon Val Fleury - Gare de Bellevue (circulaire) (service urbain de Meudon),,3,,FFFFFF
RTP,TUVIM,Mairie d'Issy - Mairie d'Issy (circulaire) (service urbain d'Issy-les-Moulineaux),,3,,FFFFFF
RTP,TVM,La Croix de Berny - Saint-Maur Créteil,,3,,FFFFFF
